url,url_var,depth_0,depth_0_var,depth_1,depth_1_var,depth_2,depth_2_var,depth_3,depth__var,depth_4+,depth_4+_var
3cs.lk,5826,638,54,8346,1115,2585,685,3974,1356,10475,104
abansit.lk,1678,256,84,1128,190,4108,698,1067,189,1041,93
ada.lk,56506,1563,11,512,80,1097,358,201292,47550,10803,345
adaderana.lk,307197,15589,28,328965,104022,104850,18681,372008,79017,176473,59
adaheta.lk,-,-,-,-,-,-,-,-,-,-,-
adhere.lk,2014,55,15,67,22,156,85,124,76,3248,53
agaram.lk,640,78,6,230,95,109,99,214,85,396,63
agrarianvav.lk,382,78,24,529,93,535,97,69,15,220,57
ahmadtea.lk,366,52,31,149,60,386,154,15,7,280,48
airport.lk,16961,608,7,8372,488,23595,3006,23706,5839,20261,51
airtel.lk,6365,965,26,5500,307,10154,1151,17548,2593,9870,70
aithiya.lk,12196,386,155,7665,4666,6151,4249,502,321,3550,47
akaza.lk,228,24,3,129,11,87,52,105,45,227,71
akbar.com,2713,701,46,6277,548,5975,1347,1794,418,838,67
alphabusiness.lk,427,24,13,233,143,123,103,3,3,173,46
amanabank.lk,2602,165,6,2119,118,2936,608,3591,1037,2444,66
amaradeva.com,407,184,4,1448,103,582,297,6,3,0,0
anidda.lk,61313,5122,3333,61956,23092,9564,5885,4538,2171,39239,46
anim8.lk,3600,776,173,6638,887,7501,780,2480,509,2346,78
anybanq.lk,208,16,3,64,15,44,21,106,77,146,90
apictures.lk,942,43,6,234,18,128,83,825,697,201,179
apiit.lk,3870,385,24,4120,369,3636,1294,5556,1048,2182,49
appleasia.lk,989,65,30,176,51,43,37,45,43,866,49
applications.lk,34622,1034,788,9398,625,9426,2180,21331,4627,74705,49
architectssrilanka.org,298,37,3,364,79,97,84,172,124,14,82
aruna.lk,45037,8293,3895,66841,27458,10014,4270,5949,2333,26362,87
asiangrammar.lk,4552,89,6,680,86,1324,393,1209,430,5446,81
asianmirror.lk,73840,617,25,13960,4116,3066,1907,76232,41682,43028,177
asiasecurities.lk,554,127,6,405,61,219,126,440,198,251,60
asirihardware.lk,364,21,5,25,15,34,33,18,17,362,47
atimes.com,2159,30125,20,7812,174,1672,189,9889,209,12565,102
aussie.lk,3170,19,7,42,30,8768,3098,1,1,126,102
australianwellness.lk,271,9,2,7,4,357,178,17,17,70,98
b2b.lk,2338,73,4,4529,1050,3773,1267,30,6,41,55
baiscope.lk,3194,253,127,536,152,3411,1249,372,246,4193,54
bamgreen.lk,716,150,6,1167,96,1390,303,255,128,260,41
barclays.lk,12838,620,8,19334,2032,19675,6264,6555,2850,5824,61
barnhouse.lk,623,86,9,669,133,200,73,64,23,755,48
bata.lk,7016,830,671,3091,1513,5955,2312,1015,434,3316,37
bepost.lk,5,8,2,13,3,0,0,0,0,0,0
bestlife.lk,432,126,40,1237,125,49,18,28,10,389,77
boc.lk,2823,573,6,3097,401,2363,283,5751,1111,2045,70
bookhunter.lk,5151,166,112,189,33,6644,3706,77,75,1604,48
britishcouncil.lk,6350,1491,10,6793,253,9062,1676,4357,1067,9596,77
bu.lk,5288,326,7,11808,3103,8892,1967,557,107,409,41
budusarana.lk,36364,155,7,657,17,0,0,2009,225,202729,83
buonappetitofoods.lk,422,83,14,480,76,217,59,37,12,463,53
buyserandib.lk,116,1,1,14,14,42,42,11,11,48,62
caa.gov.lk,4966,189,7,976,23,6993,2055,258,94,5582,68
caa.lk,12611,1047,7,11701,1863,3711,1056,7741,2364,19359,70
cal.lk,3004,288,92,2160,348,618,284,526,217,4874,45
camerapro.lk,1378,39,5,584,22,607,355,354,156,1694,117
campusone.lk,179,4,1,0,0,0,0,6,5,307,68
capitaltrust.lk,2178,353,6,3974,212,4322,852,1716,320,2006,46
carbonnews.lk,7490,727,696,3674,2353,1221,1183,220,213,3183,44
careka.lk,2952,41,5,750,460,734,616,219,208,1878,609
casrilanka.com,18443,291,9,2327,66,20811,12434,315,101,14908,94
catchme.lk,12302,658,216,4394,786,23448,7135,4033,1338,4076,121
cbsl.gov.lk,41932,1938,21,10203,234,15866,1331,53371,5734,259589,78
cbsl.lk,1251,70,4,831,69,3599,881,1168,230,149,85
cda.gov.lk,6511,59,6,115,12,5606,5368,68,33,1833,67
cdbinet.lk,4,3,2,9,2,0,0,0,0,0,0
ceb.lk,11068,1994,259,20376,3313,5524,1191,8251,3024,9354,67
celltronics.lk,53070,961,408,17213,4380,26470,15346,22352,16199,24762,133
cerebrum.lk,-,-,-,-,-,-,-,-,-,-,-
certislankacourier.com,275,178,10,740,81,150,50,19,10,193,80
ceslerp.lk,395,191,3,625,45,839,158,802,183,91,58
ceyentra.lk,97,2,2,17,4,2,2,11,11,78,82
ceylon-online.com,9280,1221,352,22325,5346,3478,1385,468,427,1849,101
ceylonagri.lk,68,6,4,64,60,3,3,1,1,0,0
ceylonelements.lk,-,-,-,-,-,-,-,-,-,-,-
ceylonlanka.info,12470,376,7,1619,45,68,19,70479,10642,2307,96
ceylontoday.lk,121751,11785,56,99132,61692,47347,29581,8968,3398,39118,45
ceypetco.gov.lk,8789,831,184,8756,999,4750,814,3359,1957,10520,38
cfps.edu.lk,1,0,0,5,1,0,0,0,0,0,0
chamber.lk,8194,641,74,8204,1024,5595,1744,10018,2178,10171,108
chargenet.lk,607,122,32,627,71,106,31,37,16,1363,90
cheflanka.com.au,8586,110,20,6751,5367,5963,2784,1097,228,755,76
chinahub.lk,-,-,-,-,-,-,-,-,-,-,-
chordslankalk.com,7670,113,7,28406,6864,1016,534,427,263,3,74
chordssrilanka.com,8614,204,8,10907,1608,852,63,28517,5218,5066,82
chta.lk,7,2,1,9,6,0,0,0,0,0,0
cida.gov.lk,3141,101,15,999,288,3834,1410,2824,655,981,85
cineru.lk,22090,463,340,6501,3657,2133,1548,501,230,23834,42
cir.lk,1355,182,106,883,146,982,458,336,213,533,36
citizen.lk,48967,847,379,7137,1983,22795,17538,117449,19558,11247,168
citizenslanka.org,5066,634,259,1991,313,12321,2739,893,224,3455,47
cityads.lk,1686,46,5,44,5,553,72,1434,1069,687,44
clubpalmbay.lk,222,37,5,347,33,188,84,141,87,13,59
cma-srilanka.org,5828,763,18,6673,561,7487,1537,925,294,7336,61
cmb.ac.lk,5018,11687,3765,671,180,1419,150,1128,453,620,56
codl.lk,1462,246,7,1249,110,1237,285,1870,386,2682,62
coffeeworks.lk,420,15,3,160,23,204,19,135,21,555,68
col3negoriginal.lk,214723,1864,21,55757,29145,714176,166550,67633,4840,102632,64
colombopage.com,71995,16926,62,431,57,143614,71846,9,7,23,95
colombopost.lk,1761,115,81,377,11,27,15,50,30,1894,48
colombotimes.lk,131019,7332,5390,24989,13965,53382,43893,2707,2269,107599,45
combank.lk,7675,297,5,2409,222,2596,1154,5158,1792,11407,65
contacts.lk,14627,46,4,310,57,5738,3159,28219,11218,680,82
corn.lk,2,2,1,1,1,0,0,0,0,0,0
creativeminds.lk,5084,128,22,2097,421,3262,845,8157,1238,9245,87
crocodilesrilanka.com,713,69,6,1038,112,913,281,192,85,299,63
cryptonationacademy.lk,193,5,3,46,37,68,68,3,3,82,55
cse.lk,28435,909,23,16977,2801,51781,14290,20851,9909,2767,57
cts1.lk,-,-,-,-,-,-,-,-,-,-,-
cupertino.lk,170,16,15,11,11,14,14,23,23,107,82
customs.gov.lk,18055,1660,111,12765,735,24886,5795,7871,1664,25542,48
cyberdeals.lk,2343,30,3,190,68,1976,1376,768,294,721,92
dailyceylon.lk,36933,155,46,10986,10480,69,49,102,62,27213,52
dailymirror.lk,277902,23407,32,6693,582,658169,151588,57804,39084,268605,130
dailynews.lk,-,-,-,-,-,-,-,-,-,-,-
damro.lk,10162,906,253,9852,487,9861,3581,6868,1578,13764,87
daph.gov.lk,3778,218,7,1426,90,9010,1942,159,47,3126,69
daraz.lk,70877,1889,183,114271,43299,30478,23514,1829,895,4458,189
dasathalankanews.com,10197,754,626,2144,1604,768,738,159,90,8967,55
datatouch.lk,4,1,1,7,3,0,0,0,0,0,0
dea.gov.lk,3038,430,209,2171,669,534,354,110,89,2668,44
dealhub.lk,511,78,52,167,58,606,261,70,30,135,42
defence.lk,71544,1354,15,70638,23524,67227,30927,24208,13648,5998,59
degree.lk,439,10,4,85,40,355,234,3,3,158,73
dekma.edu.lk,108,131,6,761,58,103,28,50,14,2,56
dekma.lk,171,18,3,54,13,105,31,59,35,135,58
desertcart.lk,26039,88,8,944,30,27634,23111,2641,2289,659,82
deshaya.lk,30950,888,7,2432,120,5262,505,7393,1492,102765,64
dialog.lk,166973,1748,120,31595,5033,141591,101379,27810,10004,129511,64
digitalreader.lk,-,-,-,-,-,-,-,-,-,-,-
dilmahtea.com,12664,1156,89,11928,901,14842,2889,12498,4207,14919,103
dinamina.lk,495498,38695,26174,61177,33526,81671,47575,49215,17784,559209,60
directpay.lk,446,179,17,916,104,305,63,162,85,411,108
divaina.com,186477,25492,8,142,27,77,25,27389,3240,907235,79
divaina.lk,163461,6655,3308,37898,21656,27668,14846,14012,3719,198166,54
dlb.lk,9735,851,8,12884,2379,10816,1690,4853,1236,9467,49
dnc.lk,362,13,2,146,26,1003,245,116,21,94,72
doc.lk,2951,100,9,1376,145,2753,2269,241,179,863,59
documents.gov.lk,51072,13703,6,8594,534,9813,1110,11368,2594,93177,79
doenets.lk,5279,955,11,7387,352,7617,750,4344,905,10730,57
domains.lk,654,137,5,884,51,183,68,348,102,1174,70
dos.lk,10407,8,3,827,660,7087,6983,2050,2035,782,47
dotlinklanka.lk,76,2,2,14,7,0,0,0,0,67,85
dpcode.lk,23,10,3,40,20,0,0,0,0,0,0
dpielts.lk,1,0,0,1,1,0,0,0,0,0,0
drc.gov.lk,7760,683,71,4945,962,1796,904,4184,574,8528,90
dsasolutions.lk,-,-,-,-,-,-,-,-,-,-,-
dscsc.lk,8701,355,16,1835,435,3707,640,12026,3448,10618,40
eastlink.lk,3001,167,5,1988,175,2619,453,1221,310,4496,55
ecell.lk,1823,178,117,215,71,289,199,166,104,3280,45
echelon.lk,14306,401,229,4358,1451,12811,3008,4757,1605,15410,45
edb.gov.lk,336,169,6,278,29,415,100,360,109,218,85
edukinniya.lk,377,17,3,32,12,6,5,394,354,4,65
edutoys.lk,192,22,6,27,10,23,23,5,4,152,94
eelamweb.com,12436,585,9,11745,596,7960,1492,20612,7565,6954,66
egrn.lk,166,6,1,69,40,27,22,46,43,99,48
emerald.lk,948,114,5,1191,149,805,180,367,176,739,130
en.wikipedia.org,-,-,-,-,-,-,-,-,-,-,-
enenapiyasa.lk,1367,62,18,168,37,103,67,782,434,2041,114
energy.gov.lk,4356,199,8,2515,261,4944,1219,3867,1437,4028,75
eprice.lk,6966,22,2,9055,6542,163,108,185,172,152,55
erd.gov.lk,3625,373,3,8691,1501,2921,853,2291,631,2468,106
eslims.gov.lk,570,27,6,167,59,91,76,287,155,385,69
esn.ac.lk,24969,1146,17,6276,817,8842,2478,19766,7553,38069,72
esoft.lk,10233,549,119,16189,1478,13603,3056,3834,1095,12087,42
eta.gov.lk,19545,1357,8,6670,62,1098,237,30211,19229,109,57
etenders.lk,5479,235,14,2956,243,1706,139,18078,3288,2940,79
ethos.lk,-,-,-,-,-,-,-,-,-,-,-
evclub.lk,361,40,4,320,26,80,26,41,15,1579,57
export-lanka.com,1073,75,7,1406,374,351,168,228,122,886,66
fame.lk,488,59,4,554,119,252,158,515,142,89,61
fastbuy.lk,3229,90,12,4428,1044,1327,527,349,176,2493,84
fastnews.lk,59147,6311,5685,17546,10294,19915,12091,1871,899,37857,49
fds.ac.lk,61,40,34,27,14,2,2,13,11,0,0
firstcapital.lk,10316,324,84,10882,3309,10083,4132,952,292,3252,86
flich.lk,424,5,2,0,0,0,0,1,1,421,75
flytolanka.com,65,4,2,31,16,0,0,2,2,45,94
foyo.lk,13,2,2,15,9,0,0,0,0,2,57
ft.lk,325019,41696,18338,5692,594,16143,1846,497096,157526,426792,56
gagana.lk,2526,67,11,257,140,1574,1410,985,953,26,49
galileo.lk,183,53,1,842,37,1543,134,59,11,0,0
gamestreet.lk,4685,110,6,12222,2747,228,107,3324,1823,5,88
gic.gov.lk,63016,671,8,4851,734,27032,9769,6966,2391,99866,57
glm.lk,1,1,1,0,0,0,0,0,0,0,0
glomark.lk,2361,48,8,152,27,225,43,6971,1703,3624,70
goldfm.lk,17426,10623,17,19575,514,40547,2760,229986,10370,17086,86
google.lk,50726,37472,712,88780,24004,28320,2884,54788,2321,770879,130
gossiplanka-hotnews.com,3316,202,6,548,34,1121,122,10469,1930,1943,94
gossiplankanews.com,180556,4173,881,75878,4701,42824,1584,353380,160575,16685,72
gossipmachan.lk,1830,178,127,221,23,296,65,152,105,2428,45
gov.lk,20287,11259,15,22879,2484,35522,9729,10251,4487,9368,77
govdoc.lk,1531,79,19,1883,521,846,428,193,118,850,46
govjob.lk,11928,260,100,4768,2487,7339,2125,1908,1272,8108,46
greasemonkey.lk,10505,177,76,1061,134,5836,3463,2962,1057,7521,51
greenline.lk,1919,205,60,367,78,384,130,183,140,6611,115
gshealth.lk,571,103,6,1512,182,256,148,188,145,92,62
hanika.lk,4283,130,5,2256,377,7084,2207,3287,1039,841,63
headlinenews.lk,9044,36,10,13746,8309,279,240,41,32,526,78
health.gov.lk,21805,1101,20,13316,1087,13811,1983,41989,5469,58509,56
helakuru.lk,1701,87,6,657,50,1672,962,795,386,701,68
hirufm.lk,51856,1470,17,54317,9162,159429,16976,44900,16404,23183,98
hirunews.lk,194045,4030,9,33864,17387,301891,111428,82156,37991,49052,73
hitwicket.lk,19711,1807,1363,1376,266,23301,10008,6831,4830,4192,50
hnb.lk,984,522,7,3642,341,1301,528,305,85,39,54
hogwa.lk,52,11,5,40,17,35,25,3,1,4,81
horizoncampus.edu.lk,6497,1113,257,5319,1416,3638,1290,692,425,5589,55
house.lk,1961,239,72,929,289,663,411,223,138,1610,38
hsbc.lk,22657,820,22,11225,2056,2327,790,11110,2380,59035,56
hungrill.lk,57,57,5,329,43,8,4,2,1,4,83
hutch.lk,11882,1673,596,17121,3214,8600,2842,2697,783,8674,87
ict-history.lk,3678,209,125,879,131,2458,577,515,273,3604,48
idealsoft.lk,550,53,6,339,56,145,37,941,306,263,66
idealz.lk,2615,100,8,1048,228,1141,280,287,179,2292,46
ideamart.lk,1823,559,19,3512,210,4338,526,3355,349,4998,75
idevice.lk,1575,158,56,608,96,1198,392,1025,199,1328,44
ido.lk,1105,67,10,153,26,845,528,118,36,938,43
iit.ac.lk,7723,1611,480,6258,697,1836,706,893,422,10996,46
ijse.lk,1981,460,154,2825,341,947,438,687,356,1221,57
ikman.lk,627879,2398,79,90338,56661,123453,56962,757483,493624,34041,51
imagine.lk,2657,146,4,1530,202,3092,835,9432,1616,0,0
imbs.lk,57,7,4,50,32,1,1,8,5,27,86
imexport.gov.lk,2857,228,7,1952,280,2071,911,1532,406,2521,73
immigration.gov.lk,12062,837,22,4560,67,26466,9826,4094,230,11718,85
indeepa.edu.lk,-,-,-,-,-,-,-,-,-,-,-
infolanka.com,-,-,-,-,-,-,-,-,-,-,-
investsrilanka.com,10359,1384,181,8256,997,20834,2182,11345,1490,21022,75
ipay.lk,205,36,6,185,15,219,129,37,18,49,74
ips.lk,35408,1047,32,40164,5320,47133,6641,21646,5533,82398,42
island.lk,142976,27861,10,2341,598,398,135,1766,862,416683,44
ispot.lk,12,9,7,1,1,0,0,0,0,4,1229
itnnews.lk,12,9,7,1,1,0,0,0,0,4,1229
janet.lk,12,9,7,1,1,0,0,0,0,4,1229
janrichfoods.lk,12,9,7,1,1,0,0,0,0,4,1229
jayasrilanka.net,12,9,7,1,1,0,0,0,0,4,1229
jbs.lk,12,9,7,1,1,0,0,0,0,4,1229
jlankatech.com,12,9,7,1,1,0,0,0,0,4,1229
jnpsrilanka.lk,12,9,7,1,1,0,0,0,0,4,1229
jobpool.lk,12,9,7,1,1,0,0,0,0,4,1229
jungle.lk,12,9,7,1,1,0,0,0,0,4,1229
kane.lk,12,9,7,1,1,0,0,0,0,4,1229
karaokelanka.com,12,9,7,1,1,0,0,0,0,4,1229
kdu.ac.lk,12,9,7,1,1,0,0,0,0,4,1229
kelimandala.lk,12,9,7,1,1,0,0,0,0,4,1229
kidsislandkottawa.lk,12,9,7,1,1,0,0,0,0,4,1229
kiki.lk,12,9,7,1,1,0,0,0,0,4,1229
kiu.ac.lk,12,9,7,1,1,0,0,0,0,4,1229
kln.ac.lk,12,9,7,1,1,0,0,0,0,4,1229
koombiyodelivery.lk,12,9,7,1,1,0,0,0,0,4,1229
kuviyam.lk,12,9,7,1,1,0,0,0,0,4,1229
lacnet.org,12,9,7,1,1,0,0,0,0,4,1229
lakbima.lk,12,9,7,1,1,0,0,0,0,4,1229
lakehouse.lk,12,9,7,1,1,0,0,0,0,4,1229
lanka-micro.com,12,9,7,1,1,0,0,0,0,4,1229
lankaaththa.lk,12,9,7,1,1,0,0,0,0,4,1229
lankabell.com,12,9,7,1,1,0,0,0,0,4,1229
lankabusinessnews.com,12,9,7,1,1,0,0,0,0,4,1229
lankabusinessonline.com,12,9,7,1,1,0,0,0,0,4,1229
lankabuysell.com,12,9,7,1,1,0,0,0,0,4,1229
lankacareersandtalents.com,12,9,7,1,1,0,0,0,0,4,1229
lankaclip.info,12,9,7,1,1,0,0,0,0,4,1229
lankacnews.com,12,9,7,1,1,0,0,0,0,4,1229
lankadatacenter.com,12,9,7,1,1,0,0,0,0,4,1229
lankadeepa.lk,12,9,7,1,1,0,0,0,0,4,1229
lankaenews.com,12,9,7,1,1,0,0,0,0,4,1229
lankagate.gov.lk,12,9,7,1,1,0,0,0,0,4,1229
lankahost.lk,12,9,7,1,1,0,0,0,0,4,1229
lankahost.net,12,9,7,1,1,0,0,0,0,4,1229
lankahotnews.net,12,9,7,1,1,0,0,0,0,4,1229
lankahq.net,12,9,7,1,1,0,0,0,0,4,1229
lankalibrary.com,12,9,7,1,1,0,0,0,0,4,1229
lankalinksystems.com,12,9,7,1,1,0,0,0,0,4,1229
lankanewsweb.net,12,9,7,1,1,0,0,0,0,4,1229
lankasara.com,12,9,7,1,1,0,0,0,0,4,1229
lankasathosa.lk,12,9,7,1,1,0,0,0,0,4,1229
lankasri.com,12,9,7,1,1,0,0,0,0,4,1229
lankatimes.com,12,9,7,1,1,0,0,0,0,4,1229
lankatimes.lk,12,9,7,1,1,0,0,0,0,4,1229
lankatruth.com,226673,22388,11,46944,23300,339264,62144,57273,33106,212853,94
lankaxpress.com,12,9,7,1,1,0,0,0,0,4,1229
lankayurveda.com,12,9,7,1,1,0,0,0,0,4,1229
lapcity.lk,12,9,7,1,1,0,0,0,0,4,1229
lgn2.gov.lk,12,9,7,1,1,0,0,0,0,4,1229
lifemobile.lk,12,9,7,1,1,0,0,0,0,4,1229
liveat8.lk,12,9,7,1,1,0,0,0,0,4,1229
loanme.lk,12,9,7,1,1,0,0,0,0,4,1229
logipharma.lk,12,9,7,1,1,0,0,0,0,4,1229
lolcfinance.lk,12,9,7,1,1,0,0,0,0,4,1229
lsgroup.lk,12,9,7,1,1,0,0,0,0,4,1229
lsplk.com,12,9,7,1,1,0,0,0,0,4,1229
lucky1.lk,12,9,7,1,1,0,0,0,0,4,1229
lusterblue.lk,12,9,7,1,1,0,0,0,0,4,1229
mabrocteas.com,12,9,7,1,1,0,0,0,0,4,1229
maga.lk,12,9,7,1,1,0,0,0,0,4,1229
mahamevnawa.lk,12,9,7,1,1,0,0,0,0,4,1229
maruads.lk,12,9,7,1,1,0,0,0,0,4,1229
mawbima.lk,12,9,7,1,1,0,0,0,0,4,1229
mawratanews.lk,12,9,7,1,1,0,0,0,0,4,1229
maya.lk,12,9,7,1,1,0,0,0,0,4,1229
maza.lk,12,9,7,1,1,0,0,0,0,4,1229
megapaysl.lk,12,9,7,1,1,0,0,0,0,4,1229
melstahospitalsragama.lk,255,9,3,112,68,156,104,3,3,78,59
meteo.gov.lk,11530,279,15,19556,6836,2332,844,4651,2684,8160,36
mfa.gov.lk,46612,3779,1113,17667,3622,8993,3167,11356,4745,134507,53
mmsrilanka.com,8006,166,11,14196,3761,5066,1334,2837,675,3051,116
mobitel.lk,43809,1375,50,61678,10250,59855,16491,18440,5773,44594,54
moe.gov.lk,37461,2593,326,15826,4393,81528,17655,5229,1641,31121,50
mohe.gov.lk,16679,536,42,13711,4158,4586,1158,9582,3351,29627,65
motortraffic.gov.lk,3451,428,8,2685,80,14828,2076,4784,845,2772,85
mpclg.gov.lk,2258,27,6,78,21,2325,984,124,90,1387,88
mrt.ac.lk,26202,1367,8,13339,918,17106,4176,15864,7373,23854,74
musaeus.lk,4129,481,128,7467,520,1171,353,377,319,5733,96
myfly.lk,25,24,4,40,16,32,5,0,0,0,0
myschool.lk,14228,110,7,3170,628,22300,2715,10143,3375,23773,83
myshop.lk,25715,209,25,17093,10086,4255,2758,8060,6897,11195,82
mysoftlogic.lk,18272,282,9,59026,9401,8847,5634,8309,2403,3088,82
nanotek.lk,4964,205,6,612,25,27256,2385,5511,2436,479,52
nation.lk,156087,16663,12,19140,4608,46845,26107,8629,3053,319900,77
natlib.lk,44793,765,9,2291,500,8316,1192,4428,968,47967,50
navy.lk,34807,1027,11,31426,7128,7192,2583,3905,1306,42628,62
nccsl.lk,1183,239,5,1957,223,1420,424,876,436,125,51
ndbbank.com,4591,448,3,2436,142,8457,1412,3950,937,11735,53
ndbs.lk,765,152,6,593,19,1299,278,1285,335,274,82
nestle.lk,5987,276,9,3068,187,3666,641,5098,525,21050,58
nethgossip.lk,39898,2643,1547,4637,267,270447,25043,3304,1833,29383,87
nethnews.lk,113156,6135,2792,7292,394,477909,72958,9314,3452,116880,83
news.lk,307038,19434,50,424301,37167,46046,16608,34437,16082,446248,58
news19.lk,14155,549,480,6355,4509,2061,1874,243,98,9189,43
news24.lk,68944,8827,3573,5290,1521,118234,31794,46632,11383,25049,38
newscutter.lk,55615,284,201,940,112,4188,3797,4370,4027,53239,48
newsfirst.lk,287978,105595,37764,32240,4710,7997,4276,39377,10442,859228,102
newsi.lk,39429,8546,8118,20738,12791,1116,1055,46,30,19761,88
newsline.lk,40,2,1,7,7,32,32,0,0,0,0
newswire.lk,94663,9659,7129,10695,71,2058,955,1739,553,155734,51
nexxcom.lk,5759,386,231,708,173,12280,3511,1532,864,1236,86
nic.lk,2717,1169,10,8731,285,1439,383,2191,589,4400,60
nie.lk,10248,708,8,45652,3633,8549,2322,12519,4127,309,79
ninenews.lk,2691,20,8,990,878,11,9,0,0,1898,44
nipo.gov.lk,4018,266,6,3537,161,5269,1907,891,332,3199,76
nipponsolar.lk,285,106,22,336,64,315,50,114,41,137,44
nlb.lk,17867,1239,423,23966,5354,6762,2147,11742,4548,15975,100
nsb.lk,6660,1608,369,21652,1980,5850,1273,1630,586,5092,41
nsbm.ac.lk,4602,177,92,1651,285,2066,680,202,88,5481,122
nsf.ac.lk,-,-,-,-,-,-,-,-,-,-,-
ntc.gov.lk,1988,187,6,1371,193,2461,797,1242,586,454,65
nwpedu.lk,777,92,6,1024,96,1672,356,387,175,397,46
ocbsrilanka.edu.lk,1745,425,67,3623,315,4285,842,119,98,1121,52
od.lk,44218,69,4,16090,532,26867,19822,66358,23365,5718,59
odiris.lk,213,61,11,201,63,220,92,3,2,76,79
on.lk,6,14,3,39,3,0,0,0,0,0,0
oncredit.lk,510,20,5,209,47,615,195,426,158,189,93
onepay.lk,186,10,2,18,11,2,1,221,164,16,49
onlineaccounting.lk,485,42,6,69,14,856,419,34,34,12,61
onlineexams.gov.lk,4157,67,7,387,53,582,103,376,65,11306,70
onlinejobs.lk,22740,795,431,9462,596,42931,7956,11455,6896,8608,51
onlinekade.lk,2887,369,217,143,76,432,308,540,318,3422,56
openlearn.lk,161,45,6,21,8,65,34,0,0,120,75
orikmo.lk,-,-,-,-,-,-,-,-,-,-,-
ou.ac.lk,44020,1296,220,15269,2768,7819,2042,11872,3337,87585,78
ousl.lk,4,1,1,13,3,0,0,0,0,0,0
ozonelanka.com,3817,85,7,4349,1598,2071,891,920,435,977,55
panlanka.com,3943,369,29,4730,298,2736,1075,5046,1219,3351,101
parliament.lk,-,-,-,-,-,-,-,-,-,-,-
pastpapers.lk,1100,63,4,1172,435,410,148,163,141,409,68
paycorp.lk,8,21,3,27,4,1,1,0,0,0,0
payhere.lk,749,87,9,800,29,1883,472,552,82,346,66
pchouse.lk,1034,268,7,1435,274,1378,243,23,23,683,66
pdn.ac.lk,43819,1578,94,19135,611,31195,4276,57550,11576,75019,69
peoplesbank.lk,6154,431,5,11630,1073,13547,1622,3139,886,5804,78
peoplespay.lk,114,19,2,32,4,0,0,237,30,440,84
perfuma.lk,1477,28,5,116,48,666,415,44,34,1068,41
pgihs.ac.lk,529,66,4,601,102,2248,221,565,167,84,57
pgihs.lk,1156,146,4,3511,275,1075,151,1115,233,558,90
phonebook.lk,5874,116,6,7940,2895,1101,753,2211,2078,421,78
pickme.lk,1835,330,40,2239,232,463,157,79,29,4302,88
picture.lk,78887,330,11,33676,11742,34727,13118,107129,36483,30488,60
pitaka.lk,4854,171,30,1446,691,948,510,4810,3598,32,55
pixinn.net,45,75,6,118,12,2,2,6,4,28,68
pizzahut.lk,5055,859,14,5458,371,9085,1622,3050,716,6321,84
pmd.gov.lk,216,43,9,39,10,32,21,12,8,217,43
police.lk,14053,1120,61,5477,599,11684,1587,22674,7716,17233,66
postage.lk,-,-,-,-,-,-,-,-,-,-,-
president.gov.lk,38793,15643,10635,41907,5873,47577,7021,4732,1352,33974,187
primetuition.lk,185,11,4,232,158,18,14,9,8,1,58
protean.com.lk,3,1,1,3,2,0,0,0,0,0,0
protein.lk,411,52,7,784,292,45,36,6,2,150,66
ps.gov.lk,2,1,1,1,1,0,0,0,0,0,0
pubad.gov.lk,29381,985,8,11753,386,66204,13509,1688,438,36741,65
pucsl.gov.lk,14414,895,624,5040,1026,5312,1374,13673,3343,16805,97
pureceylontea.com,5642,913,240,9026,1102,3505,951,2087,516,11574,64
purewax.lk,1260,53,17,102,46,149,86,31,15,2358,70
quickpay.lk,28,15,4,38,22,2,2,0,0,0,0
radicalsrilanka.com,4945,331,255,982,48,26,10,125,77,6290,50
radio.com.lk,649,251,5,5226,385,1399,223,49,36,0,0
railway.gov.lk,4092,599,8,5045,476,8798,1851,1269,305,7344,81
rainbowpages.lk,849438,1474,791,10486,5179,37779,12713,68657,16704,840963,88
rata.lk,2357,38,6,2008,1645,187,79,29,23,980,84
rda.gov.lk,2652,387,6,2041,168,3531,268,1028,171,5161,92
redlinetech.lk,5184,268,42,1423,193,4193,1906,357,178,3756,54
reecha.lk,159,20,5,71,20,0,0,217,86,122,79
regen.lk,437,44,8,256,43,122,81,142,138,176,61
register.lk,1,1,1,0,0,0,0,0,0,0,0
rentitem.lk,1425,67,24,155,122,869,601,82,77,625,66
rgd.gov.lk,5833,204,6,1531,467,1751,492,1401,385,14477,57
rjt.ac.lk,12216,779,59,7401,1232,6882,1285,6766,2101,14920,45
ruh.ac.lk,16945,1176,6,9317,1148,9964,1326,17298,5770,27763,39
ruhunuhospital.lk,936,116,5,339,29,865,183,1957,344,781,63
runews.lk,14027,86,10,944,67,809,709,3130,2704,11518,53
saaravita.lk,36698,628,8,5407,121,4089,371,227546,35673,1964,113
sambole.lk,22337,1269,1022,1576,521,13057,9338,13060,9021,3124,45
sampath.lk,11826,590,16,21822,2238,18689,4684,10705,3001,9558,50
sarigama.lk,134976,494,6,4048,200,3234,186,38633,12394,913467,130
sd.lk,3718,47,5,1454,977,2552,2363,491,373,0,0
selanie.lk,24,18,8,53,10,6,6,0,0,0,0
sellx.lk,550,57,6,579,111,296,151,301,281,1,79
sense.lk,7055,210,25,1628,277,7687,4220,759,238,3659,46
seosrilanka.net,572,103,15,611,102,406,113,55,30,357,53
serenediva.lk,77,20,4,58,6,18,8,17,6,140,72
seylan.lk,6049,235,9,5069,859,2889,1358,1342,781,8444,74
seylanbank.lk,201,6,4,111,6,45,10,0,0,325,104
sgs.lk,492,166,7,371,9,222,115,219,88,401,167
shophere.lk,989,60,26,389,67,208,89,132,56,1538,98
shopvk.lk,1,0,0,0,0,2,1,0,0,0,0
sigmafeet.lk,143,62,6,158,15,216,91,197,31,0,0
silumina.lk,151319,16479,17,18039,4164,38946,17923,32460,12314,226750,46
singhagiri.lk,6844,473,15,7921,1433,6341,1732,3451,958,6328,82
singularitysrilanka.com,6,7,3,8,2,0,0,1,1,0,0
sinhalasongs.lk,55800,10600,5860,3508,130,46930,4157,199047,24845,50634,52
siyadesa.lk,17681,3559,1885,8707,2757,46846,5906,4933,2115,11032,82
sjp.ac.lk,59747,4040,2316,21519,2461,84321,13095,24946,9156,82986,69
skyjobs.lk,8754,204,4,34761,8577,60,39,188,79,120,36
slbc.lk,54618,14221,15,17196,5387,10462,2234,17326,6943,73057,63
slbcnews.lk,6,3,2,5,4,0,0,0,0,0,0
slbfe.lk,8303,1732,409,37427,5339,3607,803,3129,1029,1239,101
slembassyusa.org,10019,3486,76,10575,201,11323,2412,10956,3256,13641,82
sliit.lk,23720,3127,1114,19103,2091,23537,4011,16728,5492,34928,90
sliitacademy.lk,650,24,9,220,94,338,240,78,75,246,50
sllc.ac.lk,659,477,2,1030,19,3319,531,77,71,45,86
slmix.lk,957,117,39,408,155,726,578,49,33,153,72
slnc.lk,-,-,-,-,-,-,-,-,-,-,-
slpa.lk,16755,546,7,16868,2656,7294,2150,21885,11302,4315,70
slpost.gov.lk,4464,3698,35,11954,982,12297,1765,2213,714,4626,68
slpost.lk,471,236,4,1944,129,839,276,70,62,0,0
slsi.lk,4426,236,6,7814,1614,3222,894,842,315,4075,65
slt.lk,54203,2015,28,19054,747,31171,4903,94745,15512,170249,90
sltda.gov.lk,4732,709,10,12327,977,6303,1148,4280,1549,2936,85
sltdigital.lk,6,3,2,0,0,1,1,0,0,3,52
sltdirectory.lk,63,2,1,10,4,0,0,0,0,110,55
sltds.lk,366,53,6,474,68,373,129,189,124,57,49
sltraveler.lk,331,11,5,53,30,1,1,33,29,286,67
slwcs.org,3102,393,8,4099,416,2052,640,1403,730,1577,55
smartlankaonline.net,-,-,-,-,-,-,-,-,-,-,-
smartwatches.lk,207,14,3,45,15,166,136,6,5,48,77
solex.lk,2042,433,148,1116,124,4289,695,276,112,1766,92
songhub.lk,1150,31,4,386,67,1474,1008,68,31,156,59
sooriyanfm.lk,4139,620,9,5956,1305,11972,670,10622,1906,2343,63
spar.lk,2341,22,4,50,29,3751,1508,11,9,1214,85
sprpta.lk,8359,461,137,5382,1703,3610,552,12369,4508,4433,67
srilanka-apparel.com,5189,519,78,4639,737,5306,2098,2352,694,3494,68
srilanka-places.com,934,14,2,193,20,577,410,420,305,332,74
srilankabusiness.com,71407,708,10,33490,5425,160273,22969,68278,13884,75275,74
srilankacricket.lk,46197,6214,3789,10727,1029,14600,7294,14578,7846,47993,120
srilankaembassyrome.org,3057,950,104,1072,475,1073,238,3137,864,3099,53
srilankaequity.forumotion.com,10925,77,8,14520,10875,80,25,31,14,8,185
srilankaimporter.com,3168,63,5,732,42,3744,1216,4879,1795,240,101
srilankaleakvideos.blogspot.com,-,-,-,-,-,-,-,-,-,-,-
srilankamirror.com,178061,1380,59,20506,1679,112598,53056,82029,44470,113024,87
srilankan.aero,8247,771,32,6104,613,14895,3285,6784,3203,1358,61
srilankan.com,26491,1795,28,20097,12033,32456,1952,39218,8445,16873,54
srilankanmatrimony.com,4924,431,12,8343,3125,2594,852,418,288,891,98
statistics.gov.lk,39324,1688,15,26543,1180,40668,4501,56124,11661,91895,134
stcmount.edu.lk,3732,388,124,4740,522,3213,600,1233,573,4258,111
studyabroadguru.lk,233,13,3,139,58,77,30,10,10,132,74
subz.lk,3051,63,13,3028,1498,680,362,220,63,1435,92
sundayobserver.lk,16743,26063,10,28,14,37,33,90545,12207,48057,81
sundaytimes.lk,6198,33612,9,8413,194,709911,5989,348,6,0,0
supplementfactory.lk,4079,2153,1426,2420,215,14093,1304,1232,298,3017,118
syzygy.lk,302,13,5,26,9,514,55,289,67,260,67
tab.lk,1695,227,51,1694,541,1165,362,543,251,1105,82
tamilguru.lk,2138,18,6,687,565,15,12,10,10,1591,45
tamilmirror.lk,221112,17218,24,37961,16858,108782,37538,286397,124827,62624,185
tamilnet.com,154651,23156,27,951935,153682,588,103,50,45,823,64
tecroot.lk,2998,57,26,244,92,3994,2225,266,129,709,50
thamilan.lk,95583,2065,1541,49640,35434,6989,4347,4620,2685,77157,408
thegrand.lk,466,27,7,102,61,21,15,94,81,341,77
theleader.lk,29054,228,61,4013,339,25383,18205,1338,639,13795,61
themorning.lk,75258,2329,1649,80605,54334,5792,2643,7658,3742,26511,156
thinakkural.lk,31466,5988,2178,14740,7299,53028,9618,13110,7174,12984,85
timesjobs.lk,2793,298,7,1130,204,1579,269,2917,143,5592,101
timesonline.lk,2117,178,6,1038,19,1299,90,9652,1968,865,125
tisrilanka.org,10113,5264,2245,12616,1905,3358,1247,1525,523,16528,99
toko.lk,469,25,7,50,18,773,373,112,33,86,85
topjobs.lk,72577,1044,17,23483,7309,221326,60444,8565,3203,5658,69
transexpress.lk,43,3,1,27,12,17,17,13,13,0,0
travelsrilanka.ch,1875,85,10,1912,549,457,335,972,710,433,100
treasury.gov.lk,58074,1880,23,37116,4433,33742,5304,103115,22023,137202,73
trueceylon.lk,12015,231,115,8396,5827,1497,1030,1328,1053,5202,177
truenews.lk,20836,1491,1315,13369,7078,2455,2148,335,128,12811,49
trulysrilanka.com,806,132,7,1567,62,3475,432,36,32,371,88
trv.lk,1083,21,3,1493,1077,2,2,1,1,0,0
tryaksh.lk,412,15,3,195,27,52,18,118,49,389,155
ttvnews.lk,2459,120,4,1793,1381,306,97,1757,318,941,88
tudo.lk,1129,55,7,100,39,1001,894,62,46,161,54
tulipcom.lk,143,1,1,3,3,0,0,5,5,134,58
tvslankadealerhub.com,26,3,2,20,9,2,2,1,1,16,84
tyrebass.lk,155,9,2,33,25,169,87,17,17,27,54
tyreshoponline.lk,931,35,3,1529,827,16,5,54,30,116,54
ubuy.com.lk,2942,33,3,589,125,299,175,953,873,2387,46
ugc.ac.lk,42943,1415,67,15782,4048,16013,5970,32671,8782,88323,105
unhabitat.lk,3970,1363,225,3942,767,6946,1060,4739,544,4592,45
uom.lk,13821,2198,38,5415,518,5737,2270,6970,1991,15175,93
upali.lk,3142,41,4,533,29,799,230,3121,1522,2322,61
updates.lk,185,7,2,23,17,25,17,40,39,118,68
urlaub-sr-lanka.info,9379,409,142,5699,1314,4728,2361,1805,634,12337,88
vinivida.lk,3177,59,39,153,83,37,34,108,74,2989,48
virakesari.lk,500368,22061,2486,36793,2988,837170,455084,33094,12277,59643,89
virgincareer.lk,6,5,2,7,3,0,0,0,0,1,84
viswamcampus.edu.lk,6,2,2,7,4,0,0,0,0,0,0
vitawell.lk,9734,131,6,2571,535,6551,1480,8716,2648,12477,84
voguejewellers.lk,2979,202,83,857,130,4725,1084,793,180,2420,55
w3campus.lk,25,3,1,27,14,9,3,14,7,0,0
wasi.lk,63799,2632,1592,9856,2562,130493,33083,25077,10096,42819,49
waterboard.lk,16068,896,7,2556,164,28226,12298,3196,665,7171,108
wealthtrust.lk,2680,62,7,697,300,286,61,17,14,2394,48
welendan.lk,83,1,1,3,3,0,0,15,12,99,82
wht.lk,300,22,4,281,41,66,36,238,96,302,72
wijeyadigital.lk,2223,131,3,4994,140,2267,159,2553,372,4522,68
wimalweerawansa.lk,3380,332,189,3282,934,838,404,496,311,2265,51
windforce.lk,748,93,6,631,81,430,54,391,209,450,44
wineworld.lk,7149,124,7,1608,383,2958,847,1566,737,9807,80
winsoft.lk,14969,193,7,4680,1276,4640,1063,2653,966,26703,116
withanage.tripod.com,1107,250,4,8289,978,538,48,188,13,69,86
wobomart.lk,1251,40,11,58,20,62,32,72,30,2992,73
wonderfulmom.lk,1078,82,67,283,80,529,344,130,105,558,85
wsg.lk,-,-,-,-,-,-,-,-,-,-,-
wycherleygampaha.lk,361,27,5,176,63,175,89,6,5,204,50
xmobile.lk,4,3,3,3,1,0,0,0,0,0,0
yesman.lk,815,26,4,70,23,495,389,73,45,411,86
yo.lk,14,169,4,1220,10,0,0,0,0,0,0
zoom.lk,275169,1803,272,14044,3481,381240,198160,87702,26063,229875,233
